Azimuth Angle,ITUBOOM,sBOOM
0 Degree,81.30063,80.66667
20 Degree,81.33086,78.06131
40 Degree,82.34975,80.14446
