Azimuth,Calculated_PLdB,ITUBOOM_Reference,sBOOM_Reference,Error_vs_ITUBOOM,Error_vs_sBOOM
0,84.51117081514116,81.30063,80.66667,3.210540815141158,3.84450081514116
20,83.7975955511639,81.33086,78.06131,2.466735551163893,5.736285551163888
40,83.20657718470618,82.34975,80.14446,0.8568271847061766,3.0621171847061817
